<?xml version='1.0' encoding='utf-8'?>
<soapenv:Envelope xmlns:soapenv="http://schemas.xmlsoap.org/soap/envelope/"
    xmlns:xsd="http://www.w3.org/2001/XMLSchema"
    xmlns:xsi="http://www.w3.org/2001/XMLSchema-instance">
    <soapenv:Body>
        <ns1:SendAndamentoTreni xmlns:ns1="http://pic.rfi.it/ssdc2pic"
            soapenv:encodingStyle="http://schemas.xmlsoap.org/soap/encoding/">
            <andamentoTreni xsi:type="ns1:AndamentoTreni">
                <codGCMMitt xsi:type="xsd:int">16</codGCMMitt>
                <numSezioneMitt xsi:type="xsd:int">5</numSezioneMitt>
                <dtGenerazione xsi:type="xsd:dateTime">2024-06-26T00:00:08</dtGenerazione>
                <treno xsi:type="ns1:Treno">
                    <numero xsi:type="xsd:string">T0003</numero>
                    <dataPartenza xsi:type="xsd:dateTime">2024-06-25</dataPartenza>
                    <codLocalita xsi:type="xsd:int">11235000</codLocalita>
                </treno>
                <passaggiTreno xmlns:soapenc="http://schemas.xmlsoap.org/soap/encoding/"
                    soapenc:arrayType="ns1:PassaggioTreno[47]" xsi:type="soapenc:Array">
                    <Item xsi:type="ns1:PassaggioTreno">
                        <codLocalita xsi:type="xsd:int">1</codLocalita>
                        <dtArrivo xsi:type="xsd:dateTime">2024-06-24T14:30:00</dtArrivo>
                        <scostamentoArrivo xsi:type="xsd:int">2</scostamentoArrivo>
                        <tipArrivo xmlns:s1="http://microsoft.com/wsdl/types/" xsi:type="s1:char">"R"</tipArrivo>
                        <dtPartenza xsi:type="xsd:dateTime">2024-06-24T14:35:00</dtPartenza>
                        <tipPartenza xmlns:s1="http://microsoft.com/wsdl/types/" xsi:type="s1:char">82</tipPartenza>
                        <scostamentoPartenza xsi:type="xsd:int">3</scostamentoPartenza>
                        <codTrattaSucc xsi:type="xsd:int">0</codTrattaSucc>
                        <codTrattaSucc xsi:type="xsd:int">5262</codTrattaSucc>
                        <binario xmlns:s1="http://microsoft.com/wsdl/types/" xsi:type="s1:char">83</binario>
                        <tipCategoria xsi:type="xsd:int">1</tipCategoria>
                        <tipServizio xmlns:s1="http://microsoft.com/wsdl/types/" xsi:type="s1:char">86</tipServizio>
                        <tipClassifica xmlns:s1="http://microsoft.com/wsdl/types/" xsi:type="s1:char">79</tipClassifica>
                    </Item>
                    <Item xsi:type="ns1:PassaggioTreno">
                        <codLocalita xsi:type="xsd:int">2</codLocalita>
                        <dtArrivo xsi:type="xsd:dateTime">2024-06-24T14:30:00</dtArrivo>
                        <scostamentoArrivo xsi:type="xsd:int">2</scostamentoArrivo>
                        <tipArrivo xmlns:s1="http://microsoft.com/wsdl/types/" xsi:type="s1:char">"R"</tipArrivo>
                        <dtPartenza xsi:type="xsd:dateTime">2024-06-24T14:35:00</dtPartenza>
                        <tipPartenza xmlns:s1="http://microsoft.com/wsdl/types/" xsi:type="s1:char">82</tipPartenza>
                        <scostamentoPartenza xsi:type="xsd:int">3</scostamentoPartenza>
                        <codTrattaSucc xsi:type="xsd:int">0</codTrattaSucc>
                        <codTrattaSucc xsi:type="xsd:int">5262</codTrattaSucc>
                        <binario xmlns:s1="http://microsoft.com/wsdl/types/" xsi:type="s1:char">83</binario>
                        <tipCategoria xsi:type="xsd:int">1</tipCategoria>
                        <tipServizio xmlns:s1="http://microsoft.com/wsdl/types/" xsi:type="s1:char">86</tipServizio>
                        <tipClassifica xmlns:s1="http://microsoft.com/wsdl/types/" xsi:type="s1:char">79</tipClassifica>
                    </Item>
                    <Item xsi:type="ns1:PassaggioTreno">
                        <codLocalita xsi:type="xsd:int">3</codLocalita>
                        <dtArrivo xsi:type="xsd:dateTime">2024-06-24T14:30:00</dtArrivo>
                        <scostamentoArrivo xsi:type="xsd:int">2</scostamentoArrivo>
                        <tipArrivo xmlns:s1="http://microsoft.com/wsdl/types/" xsi:type="s1:char">"R"</tipArrivo>
                        <dtPartenza xsi:type="xsd:dateTime">2024-06-24T14:35:00</dtPartenza>
                        <tipPartenza xmlns:s1="http://microsoft.com/wsdl/types/" xsi:type="s1:char">82</tipPartenza>
                        <scostamentoPartenza xsi:type="xsd:int">3</scostamentoPartenza>
                        <codTrattaSucc xsi:type="xsd:int">0</codTrattaSucc>
                        <codTrattaSucc xsi:type="xsd:int">5262</codTrattaSucc>
                        <binario xmlns:s1="http://microsoft.com/wsdl/types/" xsi:type="s1:char">83</binario>
                        <tipCategoria xsi:type="xsd:int">1</tipCategoria>
                        <tipServizio xmlns:s1="http://microsoft.com/wsdl/types/" xsi:type="s1:char">86</tipServizio>
                        <tipClassifica xmlns:s1="http://microsoft.com/wsdl/types/" xsi:type="s1:char">79</tipClassifica>
                    </Item>
                    <Item xsi:type="ns1:PassaggioTreno">
                        <codLocalita xsi:type="xsd:int">4</codLocalita>
                        <dtArrivo xsi:type="xsd:dateTime">2024-06-24T14:30:00</dtArrivo>
                        <scostamentoArrivo xsi:type="xsd:int">2</scostamentoArrivo>
                        <tipArrivo xmlns:s1="http://microsoft.com/wsdl/types/" xsi:type="s1:char">"R"</tipArrivo>
                        <dtPartenza xsi:type="xsd:dateTime">2024-06-24T14:35:00</dtPartenza>
                        <tipPartenza xmlns:s1="http://microsoft.com/wsdl/types/" xsi:type="s1:char">82</tipPartenza>
                        <scostamentoPartenza xsi:type="xsd:int">3</scostamentoPartenza>
                        <codTrattaSucc xsi:type="xsd:int">0</codTrattaSucc>
                        <codTrattaSucc xsi:type="xsd:int">5262</codTrattaSucc>
                        <binario xmlns:s1="http://microsoft.com/wsdl/types/" xsi:type="s1:char">83</binario>
                        <tipCategoria xsi:type="xsd:int">1</tipCategoria>
                        <tipServizio xmlns:s1="http://microsoft.com/wsdl/types/" xsi:type="s1:char">86</tipServizio>
                        <tipClassifica xmlns:s1="http://microsoft.com/wsdl/types/" xsi:type="s1:char">79</tipClassifica>
                    </Item>
                    <Item xsi:type="ns1:PassaggioTreno">
                        <codLocalita xsi:type="xsd:int">5</codLocalita>
                        <dtArrivo xsi:type="xsd:dateTime">2024-06-24T14:30:00</dtArrivo>
                        <scostamentoArrivo xsi:type="xsd:int">2</scostamentoArrivo>
                        <tipArrivo xmlns:s1="http://microsoft.com/wsdl/types/" xsi:type="s1:char">"R"</tipArrivo>
                        <dtPartenza xsi:type="xsd:dateTime">2024-06-24T14:35:00</dtPartenza>
                        <tipPartenza xmlns:s1="http://microsoft.com/wsdl/types/" xsi:type="s1:char">82</tipPartenza>
                        <scostamentoPartenza xsi:type="xsd:int">3</scostamentoPartenza>
                        <codTrattaSucc xsi:type="xsd:int">0</codTrattaSucc>
                        <codTrattaSucc xsi:type="xsd:int">5262</codTrattaSucc>
                        <binario xmlns:s1="http://microsoft.com/wsdl/types/" xsi:type="s1:char">83</binario>
                        <tipCategoria xsi:type="xsd:int">1</tipCategoria>
                        <tipServizio xmlns:s1="http://microsoft.com/wsdl/types/" xsi:type="s1:char">86</tipServizio>
                        <tipClassifica xmlns:s1="http://microsoft.com/wsdl/types/" xsi:type="s1:char">79</tipClassifica>
                    </Item>
                    <Item xsi:type="ns1:PassaggioTreno">
                        <codLocalita xsi:type="xsd:int">6</codLocalita>
                        <dtArrivo xsi:type="xsd:dateTime">2024-06-24T14:30:00</dtArrivo>
                        <scostamentoArrivo xsi:type="xsd:int">2</scostamentoArrivo>
                        <tipArrivo xmlns:s1="http://microsoft.com/wsdl/types/" xsi:type="s1:char">"R"</tipArrivo>
                        <dtPartenza xsi:type="xsd:dateTime">2024-06-24T14:35:00</dtPartenza>
                        <tipPartenza xmlns:s1="http://microsoft.com/wsdl/types/" xsi:type="s1:char">82</tipPartenza>
                        <scostamentoPartenza xsi:type="xsd:int">3</scostamentoPartenza>
                        <codTrattaSucc xsi:type="xsd:int">0</codTrattaSucc>
                        <codTrattaSucc xsi:type="xsd:int">5262</codTrattaSucc>
                        <binario xmlns:s1="http://microsoft.com/wsdl/types/" xsi:type="s1:char">83</binario>
                        <tipCategoria xsi:type="xsd:int">1</tipCategoria>
                        <tipServizio xmlns:s1="http://microsoft.com/wsdl/types/" xsi:type="s1:char">86</tipServizio>
                        <tipClassifica xmlns:s1="http://microsoft.com/wsdl/types/" xsi:type="s1:char">79</tipClassifica>
                    </Item>
                    <Item xsi:type="ns1:PassaggioTreno">
                        <codLocalita xsi:type="xsd:int">7</codLocalita>
                        <dtArrivo xsi:type="xsd:dateTime">2024-06-24T14:30:00</dtArrivo>
                        <scostamentoArrivo xsi:type="xsd:int">2</scostamentoArrivo>
                        <tipArrivo xmlns:s1="http://microsoft.com/wsdl/types/" xsi:type="s1:char">"R"</tipArrivo>
                        <dtPartenza xsi:type="xsd:dateTime">2024-06-24T14:35:00</dtPartenza>
                        <tipPartenza xmlns:s1="http://microsoft.com/wsdl/types/" xsi:type="s1:char">82</tipPartenza>
                        <scostamentoPartenza xsi:type="xsd:int">3</scostamentoPartenza>
                        <codTrattaSucc xsi:type="xsd:int">0</codTrattaSucc>
                        <codTrattaSucc xsi:type="xsd:int">5262</codTrattaSucc>
                        <binario xmlns:s1="http://microsoft.com/wsdl/types/" xsi:type="s1:char">83</binario>
                        <tipCategoria xsi:type="xsd:int">1</tipCategoria>
                        <tipServizio xmlns:s1="http://microsoft.com/wsdl/types/" xsi:type="s1:char">86</tipServizio>
                        <tipClassifica xmlns:s1="http://microsoft.com/wsdl/types/" xsi:type="s1:char">79</tipClassifica>
                    </Item>
                    <Item xsi:type="ns1:PassaggioTreno">
                        <codLocalita xsi:type="xsd:int">8</codLocalita>
                        <dtArrivo xsi:type="xsd:dateTime">2024-06-24T14:30:00</dtArrivo>
                        <scostamentoArrivo xsi:type="xsd:int">2</scostamentoArrivo>
                        <tipArrivo xmlns:s1="http://microsoft.com/wsdl/types/" xsi:type="s1:char">"R"</tipArrivo>
                        <dtPartenza xsi:type="xsd:dateTime">2024-06-24T14:35:00</dtPartenza>
                        <tipPartenza xmlns:s1="http://microsoft.com/wsdl/types/" xsi:type="s1:char">82</tipPartenza>
                        <scostamentoPartenza xsi:type="xsd:int">3</scostamentoPartenza>
                        <codTrattaSucc xsi:type="xsd:int">0</codTrattaSucc>
                        <codTrattaSucc xsi:type="xsd:int">5262</codTrattaSucc>
                        <binario xmlns:s1="http://microsoft.com/wsdl/types/" xsi:type="s1:char">83</binario>
                        <tipCategoria xsi:type="xsd:int">1</tipCategoria>
                        <tipServizio xmlns:s1="http://microsoft.com/wsdl/types/" xsi:type="s1:char">86</tipServizio>
                        <tipClassifica xmlns:s1="http://microsoft.com/wsdl/types/" xsi:type="s1:char">79</tipClassifica>
                    </Item>
                    <Item xsi:type="ns1:PassaggioTreno">
                        <codLocalita xsi:type="xsd:int">9</codLocalita>
                        <dtArrivo xsi:type="xsd:dateTime">2024-06-24T14:30:00</dtArrivo>
                        <scostamentoArrivo xsi:type="xsd:int">2</scostamentoArrivo>
                        <tipArrivo xmlns:s1="http://microsoft.com/wsdl/types/" xsi:type="s1:char">"R"</tipArrivo>
                        <dtPartenza xsi:type="xsd:dateTime">2024-06-24T14:35:00</dtPartenza>
                        <tipPartenza xmlns:s1="http://microsoft.com/wsdl/types/" xsi:type="s1:char">82</tipPartenza>
                        <scostamentoPartenza xsi:type="xsd:int">3</scostamentoPartenza>
                        <codTrattaSucc xsi:type="xsd:int">0</codTrattaSucc>
                        <codTrattaSucc xsi:type="xsd:int">5262</codTrattaSucc>
                        <binario xmlns:s1="http://microsoft.com/wsdl/types/" xsi:type="s1:char">83</binario>
                        <tipCategoria xsi:type="xsd:int">1</tipCategoria>
                        <tipServizio xmlns:s1="http://microsoft.com/wsdl/types/" xsi:type="s1:char">86</tipServizio>
                        <tipClassifica xmlns:s1="http://microsoft.com/wsdl/types/" xsi:type="s1:char">79</tipClassifica>
                    </Item>
                    <Item xsi:type="ns1:PassaggioTreno">
                        <codLocalita xsi:type="xsd:int">10</codLocalita>
                        <dtArrivo xsi:type="xsd:dateTime">2024-06-24T14:30:00</dtArrivo>
                        <scostamentoArrivo xsi:type="xsd:int">2</scostamentoArrivo>
                        <tipArrivo xmlns:s1="http://microsoft.com/wsdl/types/" xsi:type="s1:char">"R"</tipArrivo>
                        <dtPartenza xsi:type="xsd:dateTime">2024-06-24T14:35:00</dtPartenza>
                        <tipPartenza xmlns:s1="http://microsoft.com/wsdl/types/" xsi:type="s1:char">82</tipPartenza>
                        <scostamentoPartenza xsi:type="xsd:int">3</scostamentoPartenza>
                        <codTrattaSucc xsi:type="xsd:int">0</codTrattaSucc>
                        <codTrattaSucc xsi:type="xsd:int">5262</codTrattaSucc>
                        <binario xmlns:s1="http://microsoft.com/wsdl/types/" xsi:type="s1:char">83</binario>
                        <tipCategoria xsi:type="xsd:int">1</tipCategoria>
                        <tipServizio xmlns:s1="http://microsoft.com/wsdl/types/" xsi:type="s1:char">86</tipServizio>
                        <tipClassifica xmlns:s1="http://microsoft.com/wsdl/types/" xsi:type="s1:char">79</tipClassifica>
                    </Item>
                    <Item xsi:type="ns1:PassaggioTreno">
                        <codLocalita xsi:type="xsd:int">11</codLocalita>
                        <dtArrivo xsi:type="xsd:dateTime">2024-06-24T14:30:00</dtArrivo>
                        <scostamentoArrivo xsi:type="xsd:int">2</scostamentoArrivo>
                        <tipArrivo xmlns:s1="http://microsoft.com/wsdl/types/" xsi:type="s1:char">"R"</tipArrivo>
                        <dtPartenza xsi:type="xsd:dateTime">2024-06-24T14:35:00</dtPartenza>
                        <tipPartenza xmlns:s1="http://microsoft.com/wsdl/types/" xsi:type="s1:char">82</tipPartenza>
                        <scostamentoPartenza xsi:type="xsd:int">3</scostamentoPartenza>
                        <codTrattaSucc xsi:type="xsd:int">0</codTrattaSucc>
                        <codTrattaSucc xsi:type="xsd:int">5262</codTrattaSucc>
                        <binario xmlns:s1="http://microsoft.com/wsdl/types/" xsi:type="s1:char">83</binario>
                        <tipCategoria xsi:type="xsd:int">1</tipCategoria>
                        <tipServizio xmlns:s1="http://microsoft.com/wsdl/types/" xsi:type="s1:char">86</tipServizio>
                        <tipClassifica xmlns:s1="http://microsoft.com/wsdl/types/" xsi:type="s1:char">79</tipClassifica>
                    </Item>
                    <Item xsi:type="ns1:PassaggioTreno">
                        <codLocalita xsi:type="xsd:int">12</codLocalita>
                        <dtArrivo xsi:type="xsd:dateTime">2024-06-24T14:30:00</dtArrivo>
                        <scostamentoArrivo xsi:type="xsd:int">2</scostamentoArrivo>
                        <tipArrivo xmlns:s1="http://microsoft.com/wsdl/types/" xsi:type="s1:char">"R"</tipArrivo>
                        <dtPartenza xsi:type="xsd:dateTime">2024-06-24T14:35:00</dtPartenza>
                        <tipPartenza xmlns:s1="http://microsoft.com/wsdl/types/" xsi:type="s1:char">82</tipPartenza>
                        <scostamentoPartenza xsi:type="xsd:int">3</scostamentoPartenza>
                        <codTrattaSucc xsi:type="xsd:int">0</codTrattaSucc>
                        <codTrattaSucc xsi:type="xsd:int">5262</codTrattaSucc>
                        <binario xmlns:s1="http://microsoft.com/wsdl/types/" xsi:type="s1:char">83</binario>
                        <tipCategoria xsi:type="xsd:int">1</tipCategoria>
                        <tipServizio xmlns:s1="http://microsoft.com/wsdl/types/" xsi:type="s1:char">86</tipServizio>
                        <tipClassifica xmlns:s1="http://microsoft.com/wsdl/types/" xsi:type="s1:char">79</tipClassifica>
                    </Item>
                    <Item xsi:type="ns1:PassaggioTreno">
                        <codLocalita xsi:type="xsd:int">13</codLocalita>
                        <dtArrivo xsi:type="xsd:dateTime">2024-06-24T14:30:00</dtArrivo>
                        <scostamentoArrivo xsi:type="xsd:int">2</scostamentoArrivo>
                        <tipArrivo xmlns:s1="http://microsoft.com/wsdl/types/" xsi:type="s1:char">"R"</tipArrivo>
                        <dtPartenza xsi:type="xsd:dateTime">2024-06-24T14:35:00</dtPartenza>
                        <tipPartenza xmlns:s1="http://microsoft.com/wsdl/types/" xsi:type="s1:char">82</tipPartenza>
                        <scostamentoPartenza xsi:type="xsd:int">3</scostamentoPartenza>
                        <codTrattaSucc xsi:type="xsd:int">0</codTrattaSucc>
                        <codTrattaSucc xsi:type="xsd:int">5262</codTrattaSucc>
                        <binario xmlns:s1="http://microsoft.com/wsdl/types/" xsi:type="s1:char">83</binario>
                        <tipCategoria xsi:type="xsd:int">1</tipCategoria>
                        <tipServizio xmlns:s1="http://microsoft.com/wsdl/types/" xsi:type="s1:char">86</tipServizio>
                        <tipClassifica xmlns:s1="http://microsoft.com/wsdl/types/" xsi:type="s1:char">79</tipClassifica>
                    </Item>
                    <Item xsi:type="ns1:PassaggioTreno">
                        <codLocalita xsi:type="xsd:int">14</codLocalita>
                        <dtArrivo xsi:type="xsd:dateTime">2024-06-24T14:30:00</dtArrivo>
                        <scostamentoArrivo xsi:type="xsd:int">2</scostamentoArrivo>
                        <tipArrivo xmlns:s1="http://microsoft.com/wsdl/types/" xsi:type="s1:char">"R"</tipArrivo>
                        <dtPartenza xsi:type="xsd:dateTime">2024-06-24T14:35:00</dtPartenza>
                        <tipPartenza xmlns:s1="http://microsoft.com/wsdl/types/" xsi:type="s1:char">82</tipPartenza>
                        <scostamentoPartenza xsi:type="xsd:int">3</scostamentoPartenza>
                        <codTrattaSucc xsi:type="xsd:int">0</codTrattaSucc>
                        <codTrattaSucc xsi:type="xsd:int">5262</codTrattaSucc>
                        <binario xmlns:s1="http://microsoft.com/wsdl/types/" xsi:type="s1:char">83</binario>
                        <tipCategoria xsi:type="xsd:int">1</tipCategoria>
                        <tipServizio xmlns:s1="http://microsoft.com/wsdl/types/" xsi:type="s1:char">86</tipServizio>
                        <tipClassifica xmlns:s1="http://microsoft.com/wsdl/types/" xsi:type="s1:char">79</tipClassifica>
                    </Item>
                    <Item xsi:type="ns1:PassaggioTreno">
                        <codLocalita xsi:type="xsd:int">15</codLocalita>
                        <dtArrivo xsi:type="xsd:dateTime">2024-06-24T14:30:00</dtArrivo>
                        <scostamentoArrivo xsi:type="xsd:int">2</scostamentoArrivo>
                        <tipArrivo xmlns:s1="http://microsoft.com/wsdl/types/" xsi:type="s1:char">"R"</tipArrivo>
                        <dtPartenza xsi:type="xsd:dateTime">2024-06-24T14:35:00</dtPartenza>
                        <tipPartenza xmlns:s1="http://microsoft.com/wsdl/types/" xsi:type="s1:char">82</tipPartenza>
                        <scostamentoPartenza xsi:type="xsd:int">3</scostamentoPartenza>
                        <codTrattaSucc xsi:type="xsd:int">0</codTrattaSucc>
                        <codTrattaSucc xsi:type="xsd:int">5262</codTrattaSucc>
                        <binario xmlns:s1="http://microsoft.com/wsdl/types/" xsi:type="s1:char">83</binario>
                        <tipCategoria xsi:type="xsd:int">1</tipCategoria>
                        <tipServizio xmlns:s1="http://microsoft.com/wsdl/types/" xsi:type="s1:char">86</tipServizio>
                        <tipClassifica xmlns:s1="http://microsoft.com/wsdl/types/" xsi:type="s1:char">79</tipClassifica>
                    </Item>
                    <Item xsi:type="ns1:PassaggioTreno">
                        <codLocalita xsi:type="xsd:int">16</codLocalita>
                        <dtArrivo xsi:type="xsd:dateTime">2024-06-24T14:30:00</dtArrivo>
                        <scostamentoArrivo xsi:type="xsd:int">2</scostamentoArrivo>
                        <tipArrivo xmlns:s1="http://microsoft.com/wsdl/types/" xsi:type="s1:char">"R"</tipArrivo>
                        <dtPartenza xsi:type="xsd:dateTime">2024-06-24T14:35:00</dtPartenza>
                        <tipPartenza xmlns:s1="http://microsoft.com/wsdl/types/" xsi:type="s1:char">82</tipPartenza>
                        <scostamentoPartenza xsi:type="xsd:int">3</scostamentoPartenza>
                        <codTrattaSucc xsi:type="xsd:int">0</codTrattaSucc>
                        <codTrattaSucc xsi:type="xsd:int">5262</codTrattaSucc>
                        <binario xmlns:s1="http://microsoft.com/wsdl/types/" xsi:type="s1:char">83</binario>
                        <tipCategoria xsi:type="xsd:int">1</tipCategoria>
                        <tipServizio xmlns:s1="http://microsoft.com/wsdl/types/" xsi:type="s1:char">86</tipServizio>
                        <tipClassifica xmlns:s1="http://microsoft.com/wsdl/types/" xsi:type="s1:char">79</tipClassifica>
                    </Item>
                    <Item xsi:type="ns1:PassaggioTreno">
                        <codLocalita xsi:type="xsd:int">17</codLocalita>
                        <dtArrivo xsi:type="xsd:dateTime">2024-06-24T14:30:00</dtArrivo>
                        <scostamentoArrivo xsi:type="xsd:int">2</scostamentoArrivo>
                        <tipArrivo xmlns:s1="http://microsoft.com/wsdl/types/" xsi:type="s1:char">"R"</tipArrivo>
                        <dtPartenza xsi:type="xsd:dateTime">2024-06-24T14:35:00</dtPartenza>
                        <tipPartenza xmlns:s1="http://microsoft.com/wsdl/types/" xsi:type="s1:char">82</tipPartenza>
                        <scostamentoPartenza xsi:type="xsd:int">3</scostamentoPartenza>
                        <codTrattaSucc xsi:type="xsd:int">0</codTrattaSucc>
                        <codTrattaSucc xsi:type="xsd:int">5262</codTrattaSucc>
                        <binario xmlns:s1="http://microsoft.com/wsdl/types/" xsi:type="s1:char">83</binario>
                        <tipCategoria xsi:type="xsd:int">1</tipCategoria>
                        <tipServizio xmlns:s1="http://microsoft.com/wsdl/types/" xsi:type="s1:char">86</tipServizio>
                        <tipClassifica xmlns:s1="http://microsoft.com/wsdl/types/" xsi:type="s1:char">79</tipClassifica>
                    </Item>
                    <Item xsi:type="ns1:PassaggioTreno">
                        <codLocalita xsi:type="xsd:int">18</codLocalita>
                        <dtArrivo xsi:type="xsd:dateTime">2024-06-24T14:30:00</dtArrivo>
                        <scostamentoArrivo xsi:type="xsd:int">2</scostamentoArrivo>
                        <tipArrivo xmlns:s1="http://microsoft.com/wsdl/types/" xsi:type="s1:char">"R"</tipArrivo>
                        <dtPartenza xsi:type="xsd:dateTime">2024-06-24T14:35:00</dtPartenza>
                        <tipPartenza xmlns:s1="http://microsoft.com/wsdl/types/" xsi:type="s1:char">82</tipPartenza>
                        <scostamentoPartenza xsi:type="xsd:int">3</scostamentoPartenza>
                        <codTrattaSucc xsi:type="xsd:int">0</codTrattaSucc>
                        <codTrattaSucc xsi:type="xsd:int">5262</codTrattaSucc>
                        <binario xmlns:s1="http://microsoft.com/wsdl/types/" xsi:type="s1:char">83</binario>
                        <tipCategoria xsi:type="xsd:int">1</tipCategoria>
                        <tipServizio xmlns:s1="http://microsoft.com/wsdl/types/" xsi:type="s1:char">86</tipServizio>
                        <tipClassifica xmlns:s1="http://microsoft.com/wsdl/types/" xsi:type="s1:char">79</tipClassifica>
                    </Item>
                    <Item xsi:type="ns1:PassaggioTreno">
                        <codLocalita xsi:type="xsd:int">19</codLocalita>
                        <dtArrivo xsi:type="xsd:dateTime">2024-06-24T14:30:00</dtArrivo>
                        <scostamentoArrivo xsi:type="xsd:int">2</scostamentoArrivo>
                        <tipArrivo xmlns:s1="http://microsoft.com/wsdl/types/" xsi:type="s1:char">"R"</tipArrivo>
                        <dtPartenza xsi:type="xsd:dateTime">2024-06-24T14:35:00</dtPartenza>
                        <tipPartenza xmlns:s1="http://microsoft.com/wsdl/types/" xsi:type="s1:char">82</tipPartenza>
                        <scostamentoPartenza xsi:type="xsd:int">3</scostamentoPartenza>
                        <codTrattaSucc xsi:type="xsd:int">0</codTrattaSucc>
                        <codTrattaSucc xsi:type="xsd:int">5262</codTrattaSucc>
                        <binario xmlns:s1="http://microsoft.com/wsdl/types/" xsi:type="s1:char">83</binario>
                        <tipCategoria xsi:type="xsd:int">1</tipCategoria>
                        <tipServizio xmlns:s1="http://microsoft.com/wsdl/types/" xsi:type="s1:char">86</tipServizio>
                        <tipClassifica xmlns:s1="http://microsoft.com/wsdl/types/" xsi:type="s1:char">79</tipClassifica>
                    </Item>
                    <Item xsi:type="ns1:PassaggioTreno">
                        <codLocalita xsi:type="xsd:int">20</codLocalita>
                        <dtArrivo xsi:type="xsd:dateTime">2024-06-24T14:30:00</dtArrivo>
                        <scostamentoArrivo xsi:type="xsd:int">2</scostamentoArrivo>
                        <tipArrivo xmlns:s1="http://microsoft.com/wsdl/types/" xsi:type="s1:char">"R"</tipArrivo>
                        <dtPartenza xsi:type="xsd:dateTime">2024-06-24T14:35:00</dtPartenza>
                        <tipPartenza xmlns:s1="http://microsoft.com/wsdl/types/" xsi:type="s1:char">82</tipPartenza>
                        <scostamentoPartenza xsi:type="xsd:int">3</scostamentoPartenza>
                        <codTrattaSucc xsi:type="xsd:int">0</codTrattaSucc>
                        <codTrattaSucc xsi:type="xsd:int">5262</codTrattaSucc>
                        <binario xmlns:s1="http://microsoft.com/wsdl/types/" xsi:type="s1:char">83</binario>
                        <tipCategoria xsi:type="xsd:int">1</tipCategoria>
                        <tipServizio xmlns:s1="http://microsoft.com/wsdl/types/" xsi:type="s1:char">86</tipServizio>
                        <tipClassifica xmlns:s1="http://microsoft.com/wsdl/types/" xsi:type="s1:char">79</tipClassifica>
                    </Item>
                    <Item xsi:type="ns1:PassaggioTreno">
                        <codLocalita xsi:type="xsd:int">21</codLocalita>
                        <dtArrivo xsi:type="xsd:dateTime">2024-06-24T14:30:00</dtArrivo>
                        <scostamentoArrivo xsi:type="xsd:int">2</scostamentoArrivo>
                        <tipArrivo xmlns:s1="http://microsoft.com/wsdl/types/" xsi:type="s1:char">"R"</tipArrivo>
                        <dtPartenza xsi:type="xsd:dateTime">2024-06-24T14:35:00</dtPartenza>
                        <tipPartenza xmlns:s1="http://microsoft.com/wsdl/types/" xsi:type="s1:char">82</tipPartenza>
                        <scostamentoPartenza xsi:type="xsd:int">3</scostamentoPartenza>
                        <codTrattaSucc xsi:type="xsd:int">0</codTrattaSucc>
                        <codTrattaSucc xsi:type="xsd:int">5262</codTrattaSucc>
                        <binario xmlns:s1="http://microsoft.com/wsdl/types/" xsi:type="s1:char">83</binario>
                        <tipCategoria xsi:type="xsd:int">1</tipCategoria>
                        <tipServizio xmlns:s1="http://microsoft.com/wsdl/types/" xsi:type="s1:char">86</tipServizio>
                        <tipClassifica xmlns:s1="http://microsoft.com/wsdl/types/" xsi:type="s1:char">79</tipClassifica>
                    </Item>
                    <Item xsi:type="ns1:PassaggioTreno">
                        <codLocalita xsi:type="xsd:int">22</codLocalita>
                        <dtArrivo xsi:type="xsd:dateTime">2024-06-24T14:30:00</dtArrivo>
                        <scostamentoArrivo xsi:type="xsd:int">2</scostamentoArrivo>
                        <tipArrivo xmlns:s1="http://microsoft.com/wsdl/types/" xsi:type="s1:char">"R"</tipArrivo>
                        <dtPartenza xsi:type="xsd:dateTime">2024-06-24T14:35:00</dtPartenza>
                        <tipPartenza xmlns:s1="http://microsoft.com/wsdl/types/" xsi:type="s1:char">82</tipPartenza>
                        <scostamentoPartenza xsi:type="xsd:int">3</scostamentoPartenza>
                        <codTrattaSucc xsi:type="xsd:int">0</codTrattaSucc>
                        <codTrattaSucc xsi:type="xsd:int">5262</codTrattaSucc>
                        <binario xmlns:s1="http://microsoft.com/wsdl/types/" xsi:type="s1:char">83</binario>
                        <tipCategoria xsi:type="xsd:int">1</tipCategoria>
                        <tipServizio xmlns:s1="http://microsoft.com/wsdl/types/" xsi:type="s1:char">86</tipServizio>
                        <tipClassifica xmlns:s1="http://microsoft.com/wsdl/types/" xsi:type="s1:char">79</tipClassifica>
                    </Item>
                    <Item xsi:type="ns1:PassaggioTreno">
                        <codLocalita xsi:type="xsd:int">23</codLocalita>
                        <dtArrivo xsi:type="xsd:dateTime">2024-06-24T14:30:00</dtArrivo>
                        <scostamentoArrivo xsi:type="xsd:int">2</scostamentoArrivo>
                        <tipArrivo xmlns:s1="http://microsoft.com/wsdl/types/" xsi:type="s1:char">"R"</tipArrivo>
                        <dtPartenza xsi:type="xsd:dateTime">2024-06-24T14:35:00</dtPartenza>
                        <tipPartenza xmlns:s1="http://microsoft.com/wsdl/types/" xsi:type="s1:char">82</tipPartenza>
                        <scostamentoPartenza xsi:type="xsd:int">3</scostamentoPartenza>
                        <codTrattaSucc xsi:type="xsd:int">0</codTrattaSucc>
                        <codTrattaSucc xsi:type="xsd:int">5262</codTrattaSucc>
                        <binario xmlns:s1="http://microsoft.com/wsdl/types/" xsi:type="s1:char">83</binario>
                        <tipCategoria xsi:type="xsd:int">1</tipCategoria>
                        <tipServizio xmlns:s1="http://microsoft.com/wsdl/types/" xsi:type="s1:char">86</tipServizio>
                        <tipClassifica xmlns:s1="http://microsoft.com/wsdl/types/" xsi:type="s1:char">79</tipClassifica>
                    </Item>
                    <Item xsi:type="ns1:PassaggioTreno">
                        <codLocalita xsi:type="xsd:int">24</codLocalita>
                        <dtArrivo xsi:type="xsd:dateTime">2024-06-24T14:30:00</dtArrivo>
                        <scostamentoArrivo xsi:type="xsd:int">2</scostamentoArrivo>
                        <tipArrivo xmlns:s1="http://microsoft.com/wsdl/types/" xsi:type="s1:char">"R"</tipArrivo>
                        <dtPartenza xsi:type="xsd:dateTime">2024-06-24T14:35:00</dtPartenza>
                        <tipPartenza xmlns:s1="http://microsoft.com/wsdl/types/" xsi:type="s1:char">82</tipPartenza>
                        <scostamentoPartenza xsi:type="xsd:int">3</scostamentoPartenza>
                        <codTrattaSucc xsi:type="xsd:int">0</codTrattaSucc>
                        <codTrattaSucc xsi:type="xsd:int">5262</codTrattaSucc>
                        <binario xmlns:s1="http://microsoft.com/wsdl/types/" xsi:type="s1:char">83</binario>
                        <tipCategoria xsi:type="xsd:int">1</tipCategoria>
                        <tipServizio xmlns:s1="http://microsoft.com/wsdl/types/" xsi:type="s1:char">86</tipServizio>
                        <tipClassifica xmlns:s1="http://microsoft.com/wsdl/types/" xsi:type="s1:char">79</tipClassifica>
                    </Item>
                    <Item xsi:type="ns1:PassaggioTreno">
                        <codLocalita xsi:type="xsd:int">25</codLocalita>
                        <dtArrivo xsi:type="xsd:dateTime">2024-06-24T14:30:00</dtArrivo>
                        <scostamentoArrivo xsi:type="xsd:int">2</scostamentoArrivo>
                        <tipArrivo xmlns:s1="http://microsoft.com/wsdl/types/" xsi:type="s1:char">"R"</tipArrivo>
                        <dtPartenza xsi:type="xsd:dateTime">2024-06-24T14:35:00</dtPartenza>
                        <tipPartenza xmlns:s1="http://microsoft.com/wsdl/types/" xsi:type="s1:char">82</tipPartenza>
                        <scostamentoPartenza xsi:type="xsd:int">3</scostamentoPartenza>
                        <codTrattaSucc xsi:type="xsd:int">0</codTrattaSucc>
                        <codTrattaSucc xsi:type="xsd:int">5262</codTrattaSucc>
                        <binario xmlns:s1="http://microsoft.com/wsdl/types/" xsi:type="s1:char">83</binario>
                        <tipCategoria xsi:type="xsd:int">1</tipCategoria>
                        <tipServizio xmlns:s1="http://microsoft.com/wsdl/types/" xsi:type="s1:char">86</tipServizio>
                        <tipClassifica xmlns:s1="http://microsoft.com/wsdl/types/" xsi:type="s1:char">79</tipClassifica>
                    </Item>
                    <Item xsi:type="ns1:PassaggioTreno">
                        <codLocalita xsi:type="xsd:int">26</codLocalita>
                        <dtArrivo xsi:type="xsd:dateTime">2024-06-24T14:30:00</dtArrivo>
                        <scostamentoArrivo xsi:type="xsd:int">2</scostamentoArrivo>
                        <tipArrivo xmlns:s1="http://microsoft.com/wsdl/types/" xsi:type="s1:char">"R"</tipArrivo>
                        <dtPartenza xsi:type="xsd:dateTime">2024-06-24T14:35:00</dtPartenza>
                        <tipPartenza xmlns:s1="http://microsoft.com/wsdl/types/" xsi:type="s1:char">82</tipPartenza>
                        <scostamentoPartenza xsi:type="xsd:int">3</scostamentoPartenza>
                        <codTrattaSucc xsi:type="xsd:int">0</codTrattaSucc>
                        <codTrattaSucc xsi:type="xsd:int">5262</codTrattaSucc>
                        <binario xmlns:s1="http://microsoft.com/wsdl/types/" xsi:type="s1:char">83</binario>
                        <tipCategoria xsi:type="xsd:int">1</tipCategoria>
                        <tipServizio xmlns:s1="http://microsoft.com/wsdl/types/" xsi:type="s1:char">86</tipServizio>
                        <tipClassifica xmlns:s1="http://microsoft.com/wsdl/types/" xsi:type="s1:char">79</tipClassifica>
                    </Item>
                    <Item xsi:type="ns1:PassaggioTreno">
                        <codLocalita xsi:type="xsd:int">27</codLocalita>
                        <dtArrivo xsi:type="xsd:dateTime">2024-06-24T14:30:00</dtArrivo>
                        <scostamentoArrivo xsi:type="xsd:int">2</scostamentoArrivo>
                        <tipArrivo xmlns:s1="http://microsoft.com/wsdl/types/" xsi:type="s1:char">"R"</tipArrivo>
                        <dtPartenza xsi:type="xsd:dateTime">2024-06-24T14:35:00</dtPartenza>
                        <tipPartenza xmlns:s1="http://microsoft.com/wsdl/types/" xsi:type="s1:char">82</tipPartenza>
                        <scostamentoPartenza xsi:type="xsd:int">3</scostamentoPartenza>
                        <codTrattaSucc xsi:type="xsd:int">0</codTrattaSucc>
                        <codTrattaSucc xsi:type="xsd:int">5262</codTrattaSucc>
                        <binario xmlns:s1="http://microsoft.com/wsdl/types/" xsi:type="s1:char">83</binario>
                        <tipCategoria xsi:type="xsd:int">1</tipCategoria>
                        <tipServizio xmlns:s1="http://microsoft.com/wsdl/types/" xsi:type="s1:char">86</tipServizio>
                        <tipClassifica xmlns:s1="http://microsoft.com/wsdl/types/" xsi:type="s1:char">79</tipClassifica>
                    </Item>
                    <Item xsi:type="ns1:PassaggioTreno">
                        <codLocalita xsi:type="xsd:int">28</codLocalita>
                        <dtArrivo xsi:type="xsd:dateTime">2024-06-24T14:30:00</dtArrivo>
                        <scostamentoArrivo xsi:type="xsd:int">2</scostamentoArrivo>
                        <tipArrivo xmlns:s1="http://microsoft.com/wsdl/types/" xsi:type="s1:char">"R"</tipArrivo>
                        <dtPartenza xsi:type="xsd:dateTime">2024-06-24T14:35:00</dtPartenza>
                        <tipPartenza xmlns:s1="http://microsoft.com/wsdl/types/" xsi:type="s1:char">82</tipPartenza>
                        <scostamentoPartenza xsi:type="xsd:int">3</scostamentoPartenza>
                        <codTrattaSucc xsi:type="xsd:int">0</codTrattaSucc>
                        <codTrattaSucc xsi:type="xsd:int">5262</codTrattaSucc>
                        <binario xmlns:s1="http://microsoft.com/wsdl/types/" xsi:type="s1:char">83</binario>
                        <tipCategoria xsi:type="xsd:int">1</tipCategoria>
                        <tipServizio xmlns:s1="http://microsoft.com/wsdl/types/" xsi:type="s1:char">86</tipServizio>
                        <tipClassifica xmlns:s1="http://microsoft.com/wsdl/types/" xsi:type="s1:char">79</tipClassifica>
                    </Item>
                    <Item xsi:type="ns1:PassaggioTreno">
                        <codLocalita xsi:type="xsd:int">29</codLocalita>
                        <dtArrivo xsi:type="xsd:dateTime">2024-06-24T14:30:00</dtArrivo>
                        <scostamentoArrivo xsi:type="xsd:int">2</scostamentoArrivo>
                        <tipArrivo xmlns:s1="http://microsoft.com/wsdl/types/" xsi:type="s1:char">"R"</tipArrivo>
                        <dtPartenza xsi:type="xsd:dateTime">2024-06-24T14:35:00</dtPartenza>
                        <tipPartenza xmlns:s1="http://microsoft.com/wsdl/types/" xsi:type="s1:char">82</tipPartenza>
                        <scostamentoPartenza xsi:type="xsd:int">3</scostamentoPartenza>
                        <codTrattaSucc xsi:type="xsd:int">0</codTrattaSucc>
                        <codTrattaSucc xsi:type="xsd:int">5262</codTrattaSucc>
                        <binario xmlns:s1="http://microsoft.com/wsdl/types/" xsi:type="s1:char">83</binario>
                        <tipCategoria xsi:type="xsd:int">1</tipCategoria>
                        <tipServizio xmlns:s1="http://microsoft.com/wsdl/types/" xsi:type="s1:char">86</tipServizio>
                        <tipClassifica xmlns:s1="http://microsoft.com/wsdl/types/" xsi:type="s1:char">79</tipClassifica>
                    </Item>
                    <Item xsi:type="ns1:PassaggioTreno">
                        <codLocalita xsi:type="xsd:int">30</codLocalita>
                        <dtArrivo xsi:type="xsd:dateTime">2024-06-24T14:30:00</dtArrivo>
                        <scostamentoArrivo xsi:type="xsd:int">2</scostamentoArrivo>
                        <tipArrivo xmlns:s1="http://microsoft.com/wsdl/types/" xsi:type="s1:char">"R"</tipArrivo>
                        <dtPartenza xsi:type="xsd:dateTime">2024-06-24T14:35:00</dtPartenza>
                        <tipPartenza xmlns:s1="http://microsoft.com/wsdl/types/" xsi:type="s1:char">82</tipPartenza>
                        <scostamentoPartenza xsi:type="xsd:int">3</scostamentoPartenza>
                        <codTrattaSucc xsi:type="xsd:int">0</codTrattaSucc>
                        <codTrattaSucc xsi:type="xsd:int">5262</codTrattaSucc>
                        <binario xmlns:s1="http://microsoft.com/wsdl/types/" xsi:type="s1:char">83</binario>
                        <tipCategoria xsi:type="xsd:int">1</tipCategoria>
                        <tipServizio xmlns:s1="http://microsoft.com/wsdl/types/" xsi:type="s1:char">86</tipServizio>
                        <tipClassifica xmlns:s1="http://microsoft.com/wsdl/types/" xsi:type="s1:char">79</tipClassifica>
                    </Item>
                    <Item xsi:type="ns1:PassaggioTreno">
                        <codLocalita xsi:type="xsd:int">31</codLocalita>
                        <dtArrivo xsi:type="xsd:dateTime">2024-06-24T14:30:00</dtArrivo>
                        <scostamentoArrivo xsi:type="xsd:int">2</scostamentoArrivo>
                        <tipArrivo xmlns:s1="http://microsoft.com/wsdl/types/" xsi:type="s1:char">"R"</tipArrivo>
                        <dtPartenza xsi:type="xsd:dateTime">2024-06-24T14:35:00</dtPartenza>
                        <tipPartenza xmlns:s1="http://microsoft.com/wsdl/types/" xsi:type="s1:char">82</tipPartenza>
                        <scostamentoPartenza xsi:type="xsd:int">3</scostamentoPartenza>
                        <codTrattaSucc xsi:type="xsd:int">0</codTrattaSucc>
                        <codTrattaSucc xsi:type="xsd:int">5262</codTrattaSucc>
                        <binario xmlns:s1="http://microsoft.com/wsdl/types/" xsi:type="s1:char">83</binario>
                        <tipCategoria xsi:type="xsd:int">1</tipCategoria>
                        <tipServizio xmlns:s1="http://microsoft.com/wsdl/types/" xsi:type="s1:char">86</tipServizio>
                        <tipClassifica xmlns:s1="http://microsoft.com/wsdl/types/" xsi:type="s1:char">79</tipClassifica>
                    </Item>
                    <Item xsi:type="ns1:PassaggioTreno">
                        <codLocalita xsi:type="xsd:int">32</codLocalita>
                        <dtArrivo xsi:type="xsd:dateTime">2024-06-24T14:30:00</dtArrivo>
                        <scostamentoArrivo xsi:type="xsd:int">2</scostamentoArrivo>
                        <tipArrivo xmlns:s1="http://microsoft.com/wsdl/types/" xsi:type="s1:char">"R"</tipArrivo>
                        <dtPartenza xsi:type="xsd:dateTime">2024-06-24T14:35:00</dtPartenza>
                        <tipPartenza xmlns:s1="http://microsoft.com/wsdl/types/" xsi:type="s1:char">82</tipPartenza>
                        <scostamentoPartenza xsi:type="xsd:int">3</scostamentoPartenza>
                        <codTrattaSucc xsi:type="xsd:int">0</codTrattaSucc>
                        <codTrattaSucc xsi:type="xsd:int">5262</codTrattaSucc>
                        <binario xmlns:s1="http://microsoft.com/wsdl/types/" xsi:type="s1:char">83</binario>
                        <tipCategoria xsi:type="xsd:int">1</tipCategoria>
                        <tipServizio xmlns:s1="http://microsoft.com/wsdl/types/" xsi:type="s1:char">86</tipServizio>
                        <tipClassifica xmlns:s1="http://microsoft.com/wsdl/types/" xsi:type="s1:char">79</tipClassifica>
                    </Item>
                    <Item xsi:type="ns1:PassaggioTreno">
                        <codLocalita xsi:type="xsd:int">33</codLocalita>
                        <dtArrivo xsi:type="xsd:dateTime">2024-06-24T14:30:00</dtArrivo>
                        <scostamentoArrivo xsi:type="xsd:int">2</scostamentoArrivo>
                        <tipArrivo xmlns:s1="http://microsoft.com/wsdl/types/" xsi:type="s1:char">"R"</tipArrivo>
                        <dtPartenza xsi:type="xsd:dateTime">2024-06-24T14:35:00</dtPartenza>
                        <tipPartenza xmlns:s1="http://microsoft.com/wsdl/types/" xsi:type="s1:char">82</tipPartenza>
                        <scostamentoPartenza xsi:type="xsd:int">3</scostamentoPartenza>
                        <codTrattaSucc xsi:type="xsd:int">0</codTrattaSucc>
                        <codTrattaSucc xsi:type="xsd:int">5262</codTrattaSucc>
                        <binario xmlns:s1="http://microsoft.com/wsdl/types/" xsi:type="s1:char">83</binario>
                        <tipCategoria xsi:type="xsd:int">1</tipCategoria>
                        <tipServizio xmlns:s1="http://microsoft.com/wsdl/types/" xsi:type="s1:char">86</tipServizio>
                        <tipClassifica xmlns:s1="http://microsoft.com/wsdl/types/" xsi:type="s1:char">79</tipClassifica>
                    </Item>
                    <Item xsi:type="ns1:PassaggioTreno">
                        <codLocalita xsi:type="xsd:int">34</codLocalita>
                        <dtArrivo xsi:type="xsd:dateTime">2024-06-24T14:30:00</dtArrivo>
                        <scostamentoArrivo xsi:type="xsd:int">2</scostamentoArrivo>
                        <tipArrivo xmlns:s1="http://microsoft.com/wsdl/types/" xsi:type="s1:char">"R"</tipArrivo>
                        <dtPartenza xsi:type="xsd:dateTime">2024-06-24T14:35:00</dtPartenza>
                        <tipPartenza xmlns:s1="http://microsoft.com/wsdl/types/" xsi:type="s1:char">82</tipPartenza>
                        <scostamentoPartenza xsi:type="xsd:int">3</scostamentoPartenza>
                        <codTrattaSucc xsi:type="xsd:int">0</codTrattaSucc>
                        <codTrattaSucc xsi:type="xsd:int">5262</codTrattaSucc>
                        <binario xmlns:s1="http://microsoft.com/wsdl/types/" xsi:type="s1:char">83</binario>
                        <tipCategoria xsi:type="xsd:int">1</tipCategoria>
                        <tipServizio xmlns:s1="http://microsoft.com/wsdl/types/" xsi:type="s1:char">86</tipServizio>
                        <tipClassifica xmlns:s1="http://microsoft.com/wsdl/types/" xsi:type="s1:char">79</tipClassifica>
                    </Item>
                    <Item xsi:type="ns1:PassaggioTreno">
                        <codLocalita xsi:type="xsd:int">35</codLocalita>
                        <dtArrivo xsi:type="xsd:dateTime">2024-06-24T14:30:00</dtArrivo>
                        <scostamentoArrivo xsi:type="xsd:int">2</scostamentoArrivo>
                        <tipArrivo xmlns:s1="http://microsoft.com/wsdl/types/" xsi:type="s1:char">"R"</tipArrivo>
                        <dtPartenza xsi:type="xsd:dateTime">2024-06-24T14:35:00</dtPartenza>
                        <tipPartenza xmlns:s1="http://microsoft.com/wsdl/types/" xsi:type="s1:char">82</tipPartenza>
                        <scostamentoPartenza xsi:type="xsd:int">3</scostamentoPartenza>
                        <codTrattaSucc xsi:type="xsd:int">0</codTrattaSucc>
                        <codTrattaSucc xsi:type="xsd:int">5262</codTrattaSucc>
                        <binario xmlns:s1="http://microsoft.com/wsdl/types/" xsi:type="s1:char">83</binario>
                        <tipCategoria xsi:type="xsd:int">1</tipCategoria>
                        <tipServizio xmlns:s1="http://microsoft.com/wsdl/types/" xsi:type="s1:char">86</tipServizio>
                        <tipClassifica xmlns:s1="http://microsoft.com/wsdl/types/" xsi:type="s1:char">79</tipClassifica>
                    </Item>
                    <Item xsi:type="ns1:PassaggioTreno">
                        <codLocalita xsi:type="xsd:int">36</codLocalita>
                        <dtArrivo xsi:type="xsd:dateTime">2024-06-24T14:30:00</dtArrivo>
                        <scostamentoArrivo xsi:type="xsd:int">2</scostamentoArrivo>
                        <tipArrivo xmlns:s1="http://microsoft.com/wsdl/types/" xsi:type="s1:char">"R"</tipArrivo>
                        <dtPartenza xsi:type="xsd:dateTime">2024-06-24T14:35:00</dtPartenza>
                        <tipPartenza xmlns:s1="http://microsoft.com/wsdl/types/" xsi:type="s1:char">82</tipPartenza>
                        <scostamentoPartenza xsi:type="xsd:int">3</scostamentoPartenza>
                        <codTrattaSucc xsi:type="xsd:int">0</codTrattaSucc>
                        <codTrattaSucc xsi:type="xsd:int">5262</codTrattaSucc>
                        <binario xmlns:s1="http://microsoft.com/wsdl/types/" xsi:type="s1:char">83</binario>
                        <tipCategoria xsi:type="xsd:int">1</tipCategoria>
                        <tipServizio xmlns:s1="http://microsoft.com/wsdl/types/" xsi:type="s1:char">86</tipServizio>
                        <tipClassifica xmlns:s1="http://microsoft.com/wsdl/types/" xsi:type="s1:char">79</tipClassifica>
                    </Item>
                    <Item xsi:type="ns1:PassaggioTreno">
                        <codLocalita xsi:type="xsd:int">37</codLocalita>
                        <dtArrivo xsi:type="xsd:dateTime">2024-06-24T14:30:00</dtArrivo>
                        <scostamentoArrivo xsi:type="xsd:int">2</scostamentoArrivo>
                        <tipArrivo xmlns:s1="http://microsoft.com/wsdl/types/" xsi:type="s1:char">"R"</tipArrivo>
                        <dtPartenza xsi:type="xsd:dateTime">2024-06-24T14:35:00</dtPartenza>
                        <tipPartenza xmlns:s1="http://microsoft.com/wsdl/types/" xsi:type="s1:char">82</tipPartenza>
                        <scostamentoPartenza xsi:type="xsd:int">3</scostamentoPartenza>
                        <codTrattaSucc xsi:type="xsd:int">0</codTrattaSucc>
                        <codTrattaSucc xsi:type="xsd:int">5262</codTrattaSucc>
                        <binario xmlns:s1="http://microsoft.com/wsdl/types/" xsi:type="s1:char">83</binario>
                        <tipCategoria xsi:type="xsd:int">1</tipCategoria>
                        <tipServizio xmlns:s1="http://microsoft.com/wsdl/types/" xsi:type="s1:char">86</tipServizio>
                        <tipClassifica xmlns:s1="http://microsoft.com/wsdl/types/" xsi:type="s1:char">79</tipClassifica>
                    </Item>
                    <Item xsi:type="ns1:PassaggioTreno">
                        <codLocalita xsi:type="xsd:int">38</codLocalita>
                        <dtArrivo xsi:type="xsd:dateTime">2024-06-24T14:30:00</dtArrivo>
                        <scostamentoArrivo xsi:type="xsd:int">2</scostamentoArrivo>
                        <tipArrivo xmlns:s1="http://microsoft.com/wsdl/types/" xsi:type="s1:char">"R"</tipArrivo>
                        <dtPartenza xsi:type="xsd:dateTime">2024-06-24T14:35:00</dtPartenza>
                        <tipPartenza xmlns:s1="http://microsoft.com/wsdl/types/" xsi:type="s1:char">82</tipPartenza>
                        <scostamentoPartenza xsi:type="xsd:int">3</scostamentoPartenza>
                        <codTrattaSucc xsi:type="xsd:int">0</codTrattaSucc>
                        <codTrattaSucc xsi:type="xsd:int">5262</codTrattaSucc>
                        <binario xmlns:s1="http://microsoft.com/wsdl/types/" xsi:type="s1:char">83</binario>
                        <tipCategoria xsi:type="xsd:int">1</tipCategoria>
                        <tipServizio xmlns:s1="http://microsoft.com/wsdl/types/" xsi:type="s1:char">86</tipServizio>
                        <tipClassifica xmlns:s1="http://microsoft.com/wsdl/types/" xsi:type="s1:char">79</tipClassifica>
                    </Item>
                    <Item xsi:type="ns1:PassaggioTreno">
                        <codLocalita xsi:type="xsd:int">39</codLocalita>
                        <dtArrivo xsi:type="xsd:dateTime">2024-06-24T14:30:00</dtArrivo>
                        <scostamentoArrivo xsi:type="xsd:int">2</scostamentoArrivo>
                        <tipArrivo xmlns:s1="http://microsoft.com/wsdl/types/" xsi:type="s1:char">"R"</tipArrivo>
                        <dtPartenza xsi:type="xsd:dateTime">2024-06-24T14:35:00</dtPartenza>
                        <tipPartenza xmlns:s1="http://microsoft.com/wsdl/types/" xsi:type="s1:char">82</tipPartenza>
                        <scostamentoPartenza xsi:type="xsd:int">3</scostamentoPartenza>
                        <codTrattaSucc xsi:type="xsd:int">0</codTrattaSucc>
                        <codTrattaSucc xsi:type="xsd:int">5262</codTrattaSucc>
                        <binario xmlns:s1="http://microsoft.com/wsdl/types/" xsi:type="s1:char">83</binario>
                        <tipCategoria xsi:type="xsd:int">1</tipCategoria>
                        <tipServizio xmlns:s1="http://microsoft.com/wsdl/types/" xsi:type="s1:char">86</tipServizio>
                        <tipClassifica xmlns:s1="http://microsoft.com/wsdl/types/" xsi:type="s1:char">79</tipClassifica>
                    </Item>
                    <Item xsi:type="ns1:PassaggioTreno">
                        <codLocalita xsi:type="xsd:int">40</codLocalita>
                        <dtArrivo xsi:type="xsd:dateTime">2024-06-24T14:30:00</dtArrivo>
                        <scostamentoArrivo xsi:type="xsd:int">2</scostamentoArrivo>
                        <tipArrivo xmlns:s1="http://microsoft.com/wsdl/types/" xsi:type="s1:char">"R"</tipArrivo>
                        <dtPartenza xsi:type="xsd:dateTime">2024-06-24T14:35:00</dtPartenza>
                        <tipPartenza xmlns:s1="http://microsoft.com/wsdl/types/" xsi:type="s1:char">82</tipPartenza>
                        <scostamentoPartenza xsi:type="xsd:int">3</scostamentoPartenza>
                        <codTrattaSucc xsi:type="xsd:int">0</codTrattaSucc>
                        <codTrattaSucc xsi:type="xsd:int">5262</codTrattaSucc>
                        <binario xmlns:s1="http://microsoft.com/wsdl/types/" xsi:type="s1:char">83</binario>
                        <tipCategoria xsi:type="xsd:int">1</tipCategoria>
                        <tipServizio xmlns:s1="http://microsoft.com/wsdl/types/" xsi:type="s1:char">86</tipServizio>
                        <tipClassifica xmlns:s1="http://microsoft.com/wsdl/types/" xsi:type="s1:char">79</tipClassifica>
                    </Item>
                    <Item xsi:type="ns1:PassaggioTreno">
                        <codLocalita xsi:type="xsd:int">41</codLocalita>
                        <dtArrivo xsi:type="xsd:dateTime">2024-06-24T14:30:00</dtArrivo>
                        <scostamentoArrivo xsi:type="xsd:int">2</scostamentoArrivo>
                        <tipArrivo xmlns:s1="http://microsoft.com/wsdl/types/" xsi:type="s1:char">"R"</tipArrivo>
                        <dtPartenza xsi:type="xsd:dateTime">2024-06-24T14:35:00</dtPartenza>
                        <tipPartenza xmlns:s1="http://microsoft.com/wsdl/types/" xsi:type="s1:char">82</tipPartenza>
                        <scostamentoPartenza xsi:type="xsd:int">3</scostamentoPartenza>
                        <codTrattaSucc xsi:type="xsd:int">0</codTrattaSucc>
                        <codTrattaSucc xsi:type="xsd:int">5262</codTrattaSucc>
                        <binario xmlns:s1="http://microsoft.com/wsdl/types/" xsi:type="s1:char">83</binario>
                        <tipCategoria xsi:type="xsd:int">1</tipCategoria>
                        <tipServizio xmlns:s1="http://microsoft.com/wsdl/types/" xsi:type="s1:char">86</tipServizio>
                        <tipClassifica xmlns:s1="http://microsoft.com/wsdl/types/" xsi:type="s1:char">79</tipClassifica>
                    </Item>
                    <Item xsi:type="ns1:PassaggioTreno">
                        <codLocalita xsi:type="xsd:int">42</codLocalita>
                        <dtArrivo xsi:type="xsd:dateTime">2024-06-24T14:30:00</dtArrivo>
                        <scostamentoArrivo xsi:type="xsd:int">2</scostamentoArrivo>
                        <tipArrivo xmlns:s1="http://microsoft.com/wsdl/types/" xsi:type="s1:char">"R"</tipArrivo>
                        <dtPartenza xsi:type="xsd:dateTime">2024-06-24T14:35:00</dtPartenza>
                        <tipPartenza xmlns:s1="http://microsoft.com/wsdl/types/" xsi:type="s1:char">82</tipPartenza>
                        <scostamentoPartenza xsi:type="xsd:int">3</scostamentoPartenza>
                        <codTrattaSucc xsi:type="xsd:int">0</codTrattaSucc>
                        <codTrattaSucc xsi:type="xsd:int">5262</codTrattaSucc>
                        <binario xmlns:s1="http://microsoft.com/wsdl/types/" xsi:type="s1:char">83</binario>
                        <tipCategoria xsi:type="xsd:int">1</tipCategoria>
                        <tipServizio xmlns:s1="http://microsoft.com/wsdl/types/" xsi:type="s1:char">86</tipServizio>
                        <tipClassifica xmlns:s1="http://microsoft.com/wsdl/types/" xsi:type="s1:char">79</tipClassifica>
                    </Item>
                    <Item xsi:type="ns1:PassaggioTreno">
                        <codLocalita xsi:type="xsd:int">43</codLocalita>
                        <dtArrivo xsi:type="xsd:dateTime">2024-06-24T14:30:00</dtArrivo>
                        <scostamentoArrivo xsi:type="xsd:int">2</scostamentoArrivo>
                        <tipArrivo xmlns:s1="http://microsoft.com/wsdl/types/" xsi:type="s1:char">"R"</tipArrivo>
                        <dtPartenza xsi:type="xsd:dateTime">2024-06-24T14:35:00</dtPartenza>
                        <tipPartenza xmlns:s1="http://microsoft.com/wsdl/types/" xsi:type="s1:char">82</tipPartenza>
                        <scostamentoPartenza xsi:type="xsd:int">3</scostamentoPartenza>
                        <codTrattaSucc xsi:type="xsd:int">0</codTrattaSucc>
                        <codTrattaSucc xsi:type="xsd:int">5262</codTrattaSucc>
                        <binario xmlns:s1="http://microsoft.com/wsdl/types/" xsi:type="s1:char">83</binario>
                        <tipCategoria xsi:type="xsd:int">1</tipCategoria>
                        <tipServizio xmlns:s1="http://microsoft.com/wsdl/types/" xsi:type="s1:char">86</tipServizio>
                        <tipClassifica xmlns:s1="http://microsoft.com/wsdl/types/" xsi:type="s1:char">79</tipClassifica>
                    </Item>
                    <Item xsi:type="ns1:PassaggioTreno">
                        <codLocalita xsi:type="xsd:int">44</codLocalita>
                        <dtArrivo xsi:type="xsd:dateTime">2024-06-24T14:30:00</dtArrivo>
                        <scostamentoArrivo xsi:type="xsd:int">2</scostamentoArrivo>
                        <tipArrivo xmlns:s1="http://microsoft.com/wsdl/types/" xsi:type="s1:char">"R"</tipArrivo>
                        <dtPartenza xsi:type="xsd:dateTime">2024-06-24T14:35:00</dtPartenza>
                        <tipPartenza xmlns:s1="http://microsoft.com/wsdl/types/" xsi:type="s1:char">82</tipPartenza>
                        <scostamentoPartenza xsi:type="xsd:int">3</scostamentoPartenza>
                        <codTrattaSucc xsi:type="xsd:int">0</codTrattaSucc>
                        <codTrattaSucc xsi:type="xsd:int">5262</codTrattaSucc>
                        <binario xmlns:s1="http://microsoft.com/wsdl/types/" xsi:type="s1:char">83</binario>
                        <tipCategoria xsi:type="xsd:int">1</tipCategoria>
                        <tipServizio xmlns:s1="http://microsoft.com/wsdl/types/" xsi:type="s1:char">86</tipServizio>
                        <tipClassifica xmlns:s1="http://microsoft.com/wsdl/types/" xsi:type="s1:char">79</tipClassifica>
                    </Item>
                    <Item xsi:type="ns1:PassaggioTreno">
                        <codLocalita xsi:type="xsd:int">45</codLocalita>
                        <dtArrivo xsi:type="xsd:dateTime">2024-06-24T14:30:00</dtArrivo>
                        <scostamentoArrivo xsi:type="xsd:int">2</scostamentoArrivo>
                        <tipArrivo xmlns:s1="http://microsoft.com/wsdl/types/" xsi:type="s1:char">"R"</tipArrivo>
                        <dtPartenza xsi:type="xsd:dateTime">2024-06-24T14:35:00</dtPartenza>
                        <tipPartenza xmlns:s1="http://microsoft.com/wsdl/types/" xsi:type="s1:char">82</tipPartenza>
                        <scostamentoPartenza xsi:type="xsd:int">3</scostamentoPartenza>
                        <codTrattaSucc xsi:type="xsd:int">0</codTrattaSucc>
                        <codTrattaSucc xsi:type="xsd:int">5262</codTrattaSucc>
                        <binario xmlns:s1="http://microsoft.com/wsdl/types/" xsi:type="s1:char">83</binario>
                        <tipCategoria xsi:type="xsd:int">1</tipCategoria>
                        <tipServizio xmlns:s1="http://microsoft.com/wsdl/types/" xsi:type="s1:char">86</tipServizio>
                        <tipClassifica xmlns:s1="http://microsoft.com/wsdl/types/" xsi:type="s1:char">79</tipClassifica>
                    </Item>
                    <Item xsi:type="ns1:PassaggioTreno">
                        <codLocalita xsi:type="xsd:int">46</codLocalita>
                        <dtArrivo xsi:type="xsd:dateTime">2024-06-24T14:30:00</dtArrivo>
                        <scostamentoArrivo xsi:type="xsd:int">2</scostamentoArrivo>
                        <tipArrivo xmlns:s1="http://microsoft.com/wsdl/types/" xsi:type="s1:char">"R"</tipArrivo>
                        <dtPartenza xsi:type="xsd:dateTime">2024-06-24T14:35:00</dtPartenza>
                        <tipPartenza xmlns:s1="http://microsoft.com/wsdl/types/" xsi:type="s1:char">82</tipPartenza>
                        <scostamentoPartenza xsi:type="xsd:int">3</scostamentoPartenza>
                        <codTrattaSucc xsi:type="xsd:int">0</codTrattaSucc>
                        <codTrattaSucc xsi:type="xsd:int">5262</codTrattaSucc>
                        <binario xmlns:s1="http://microsoft.com/wsdl/types/" xsi:type="s1:char">83</binario>
                        <tipCategoria xsi:type="xsd:int">1</tipCategoria>
                        <tipServizio xmlns:s1="http://microsoft.com/wsdl/types/" xsi:type="s1:char">86</tipServizio>
                        <tipClassifica xmlns:s1="http://microsoft.com/wsdl/types/" xsi:type="s1:char">79</tipClassifica>
                    </Item>
                    <Item xsi:type="ns1:PassaggioTreno">
                        <codLocalita xsi:type="xsd:int">47</codLocalita>
                        <dtArrivo xsi:type="xsd:dateTime">2024-06-24T14:30:00</dtArrivo>
                        <scostamentoArrivo xsi:type="xsd:int">2</scostamentoArrivo>
                        <tipArrivo xmlns:s1="http://microsoft.com/wsdl/types/" xsi:type="s1:char">"R"</tipArrivo>
                        <dtPartenza xsi:type="xsd:dateTime">2024-06-24T14:35:00</dtPartenza>
                        <tipPartenza xmlns:s1="http://microsoft.com/wsdl/types/" xsi:type="s1:char">82</tipPartenza>
                        <scostamentoPartenza xsi:type="xsd:int">3</scostamentoPartenza>
                        <codTrattaSucc xsi:type="xsd:int">0</codTrattaSucc>
                        <codTrattaSucc xsi:type="xsd:int">5262</codTrattaSucc>
                        <binario xmlns:s1="http://microsoft.com/wsdl/types/" xsi:type="s1:char">83</binario>
                        <tipCategoria xsi:type="xsd:int">1</tipCategoria>
                        <tipServizio xmlns:s1="http://microsoft.com/wsdl/types/" xsi:type="s1:char">86</tipServizio>
                        <tipClassifica xmlns:s1="http://microsoft.com/wsdl/types/" xsi:type="s1:char">79</tipClassifica>
                    </Item>
                </passaggiTreno>
            </andamentoTreni>
        </ns1:SendAndamentoTreni>
    </soapenv:Body>
</soapenv:Envelope>
